mode,layer_one_based,layer_zero_based,discovery_oof_logistic_balanced_accuracy,discovery_oof_ncc_balanced_accuracy,discovery_selection_score,discovery_oof_rows,discovery_fold_count,discovery_pca_components_min,discovery_pca_components_max,confirmation_logistic_balanced_accuracy,confirmation_ncc_balanced_accuracy,confirmation_class_balanced_snr,confirmation_class_balanced_snr_db,confirmation_signal_power,confirmation_noise_power,confirmation_rows,confirmation_seed_count,confirmation_support_min,confirmation_support_max,confirmation_pca_components,chance_balanced_accuracy
non_thinking,1,0,0.22999999999999998,0.15999999999999998,0.19499999999999998,200,5,16,16,0.27999999999999997,0.24,0.17712456622690545,-7.5172120031818555,2.15240216255188,12.151912117004395,100,10,10,10,16,0.1
non_thinking,2,1,0.38999999999999996,0.31,0.35,200,5,16,16,0.38,0.4,0.2646720817187007,-5.772918667642543,2.9178924560546875,11.02455701828003,100,10,10,10,16,0.1
non_thinking,3,2,0.38,0.355,0.3675,200,5,16,16,0.42000000000000004,0.37,0.22507770533994617,-6.476675211139181,2.7382397651672363,12.165752983093261,100,10,10,10,16,0.1
non_thinking,4,3,0.47000000000000003,0.38,0.42500000000000004,200,5,16,16,0.41000000000000003,0.39,0.26386023193068225,-5.786260601570284,2.6461358070373535,10.028551054000854,100,10,10,10,16,0.1
non_thinking,5,4,0.47000000000000003,0.39,0.43000000000000005,200,5,16,16,0.41999999999999993,0.38999999999999996,0.20460824488695925,-6.890768699554066,2.4128122329711914,11.792350959777831,100,10,10,10,16,0.1
non_thinking,6,5,0.51,0.425,0.4675,200,5,16,16,0.49000000000000005,0.39999999999999997,0.24218910890325487,-6.1584539071224,2.651825428009033,10.949399995803834,100,10,10,10,16,0.1
non_thinking,7,6,0.48999999999999994,0.45,0.47,200,5,16,16,0.52,0.42000000000000004,0.2502850884432385,-6.0156502414219215,2.714324474334717,10.844930839538574,100,10,10,10,16,0.1
non_thinking,8,7,0.5050000000000001,0.425,0.4650000000000001,200,5,16,16,0.5599999999999998,0.43,0.2531853129118046,-5.965614910178796,2.8045008182525635,11.076870083808899,100,10,10,10,16,0.1
non_thinking,9,8,0.505,0.45499999999999996,0.48,200,5,16,16,0.5499999999999999,0.4800000000000001,0.2917245183149381,-5.350270685765807,3.0300230979919434,10.386590456962585,100,10,10,10,16,0.1
non_thinking,10,9,0.475,0.45,0.4625,200,5,16,16,0.58,0.43,0.3466800267249953,-4.600711786291268,2.942309856414795,8.487105196714401,100,10,10,10,16,0.1
non_thinking,11,10,0.5349999999999999,0.525,0.53,200,5,16,16,0.51,0.43,0.3771555386075146,-4.234795101964287,3.249906063079834,8.616885423660278,100,10,10,10,16,0.1
non_thinking,12,11,0.5399999999999999,0.515,0.5275,200,5,16,16,0.52,0.43000000000000005,0.37820686608277876,-4.222705911049511,3.4250922203063965,9.05613442659378,100,10,10,10,16,0.1
non_thinking,13,12,0.5549999999999999,0.53,0.5425,200,5,16,16,0.56,0.4600000000000001,0.37468010635437876,-4.263393651658143,3.3049838542938232,8.820814871788025,100,10,10,10,16,0.1
non_thinking,14,13,0.5900000000000001,0.52,0.555,200,5,16,16,0.6199999999999999,0.4600000000000001,0.4149146896220293,-3.8204118915546825,3.094926595687866,7.4591878116130825,100,10,10,10,16,0.1
non_thinking,15,14,0.615,0.52,0.5675,200,5,16,16,0.58,0.52,0.38853960499821505,-4.105647056776992,3.1076176166534424,7.998200380802155,100,10,10,10,16,0.1
non_thinking,16,15,0.58,0.525,0.5525,200,5,16,16,0.61,0.5399999999999999,0.40046037840136917,-3.9744044660315097,3.397911548614502,8.485013079643249,100,10,10,10,16,0.1
non_thinking,17,16,0.565,0.45,0.5075,200,5,16,16,0.5499999999999999,0.54,0.38042890705814586,-4.197264904232108,3.0643434524536133,8.054970049858094,100,10,10,10,16,0.1
non_thinking,18,17,0.5650000000000001,0.5000000000000001,0.5325000000000001,200,5,16,16,0.6200000000000001,0.5800000000000001,0.38735501211705636,-4.118908201782244,3.0154666900634766,7.784762287139893,100,10,10,10,16,0.1
non_thinking,19,18,0.545,0.48999999999999994,0.5175,200,5,16,16,0.65,0.54,0.3921401180880273,-4.065587247158943,3.054274082183838,7.788731479644776,100,10,10,10,16,0.1
non_thinking,20,19,0.5449999999999999,0.5149999999999999,0.5299999999999999,200,5,16,16,0.57,0.48,0.4123660637581704,-3.8471708278959267,3.149282932281494,7.637105011940003,100,10,10,10,16,0.1
non_thinking,21,20,0.5,0.45,0.475,200,5,16,16,0.52,0.45,0.3465798291114383,-4.601967167534083,3.1260132789611816,9.01960534453392,100,10,10,10,16,0.1
non_thinking,22,21,0.5,0.44000000000000006,0.47000000000000003,200,5,16,16,0.55,0.45999999999999996,0.3462400899075069,-4.606226481371051,3.1094703674316406,8.980676871538162,100,10,10,10,16,0.1
non_thinking,23,22,0.43999999999999995,0.385,0.4125,200,5,16,16,0.47000000000000003,0.48999999999999994,0.3198188301647608,-4.950959696207455,2.8867027759552,9.026056328415871,100,10,10,10,16,0.1
non_thinking,24,23,0.37,0.33999999999999997,0.355,200,5,16,16,0.47000000000000003,0.41,0.32908768743038486,-4.826883662047845,2.5588319301605225,7.7755322605371475,100,10,10,10,16,0.1
non_thinking,25,24,0.37,0.355,0.3625,200,5,16,16,0.45,0.4,0.3523895919047403,-4.529769272891929,2.3031747341156006,6.535876163840294,100,10,10,10,16,0.1
non_thinking,26,25,0.39499999999999996,0.37,0.38249999999999995,200,5,16,16,0.41000000000000003,0.33999999999999997,0.3735356751750544,-4.276679138170559,2.2780823707580566,6.098700933158398,100,10,10,10,16,0.1
non_thinking,27,26,0.37499999999999994,0.37,0.37249999999999994,200,5,16,16,0.38,0.37,0.4109579603878259,-3.862026027112804,2.21246075630188,5.383666869997978,100,10,10,10,16,0.1
non_thinking,28,27,0.34500000000000003,0.34500000000000003,0.34500000000000003,200,5,16,16,0.33,0.36,0.4257897240660074,-3.7080482395753878,2.0792593955993652,4.883301024138928,100,10,10,10,16,0.1
non_thinking,29,28,0.3350000000000001,0.34,0.3375,200,5,16,16,0.39999999999999997,0.39,0.4269326068746453,-3.696406747932754,1.9406261444091797,4.545509321987629,100,10,10,10,16,0.1
non_thinking,30,29,0.33,0.33999999999999997,0.33499999999999996,200,5,16,16,0.38,0.43,0.41476902191799137,-3.821936874625347,1.8003103733062744,4.340513100475073,100,10,10,10,16,0.1
non_thinking,31,30,0.31,0.28,0.29500000000000004,200,5,16,16,0.37000000000000005,0.33,0.4066466822996369,-3.9078276661930604,1.676675796508789,4.123175890743733,100,10,10,10,16,0.1
non_thinking,32,31,0.3,0.28500000000000003,0.2925,200,5,16,16,0.34,0.35,0.37508189105072565,-4.2587390307559465,1.6148103475570679,4.305220769345761,100,10,10,10,16,0.1
non_thinking,33,32,0.295,0.275,0.28500000000000003,200,5,16,16,0.30000000000000004,0.33999999999999997,0.3692888852799028,-4.326337633867872,1.589056134223938,4.303016412258148,100,10,10,10,16,0.1
non_thinking,34,33,0.31999999999999995,0.31,0.31499999999999995,200,5,16,16,0.32000000000000006,0.31000000000000005,0.3502897417125567,-4.5557258087489725,1.5014899969100952,4.286422975361347,100,10,10,10,16,0.1
non_thinking,35,34,0.275,0.275,0.275,200,5,16,16,0.35000000000000003,0.32000000000000006,0.3545288142190071,-4.503484618976382,1.482771396636963,4.182372030615807,100,10,10,10,16,0.1
non_thinking,36,35,0.29,0.30000000000000004,0.29500000000000004,200,5,16,16,0.37,0.36,0.3558327811585284,-4.487540449523158,1.546046495437622,4.344868087768555,100,10,10,10,16,0.1
native_thinking,1,0,0.07,0.06,0.065,200,5,16,16,0.08,0.09000000000000001,0.10461357317990587,-9.80411963894096,1.6615521907806396,15.882759189605713,100,10,10,10,16,0.1
native_thinking,2,1,0.075,0.05000000000000001,0.0625,200,5,16,16,0.12000000000000002,0.12000000000000002,0.11765836217909828,-9.293772013465887,1.7768058776855469,15.101399040222168,100,10,10,10,16,0.1
native_thinking,3,2,0.215,0.205,0.21,200,5,16,16,0.33999999999999997,0.28,0.20497594906094554,-6.882970940802816,2.764251708984375,13.485736846923828,100,10,10,10,16,0.1
native_thinking,4,3,0.305,0.24500000000000002,0.275,200,5,16,16,0.30000000000000004,0.31000000000000005,0.18580222818453673,-7.309490821483697,2.5344409942626953,13.640530681610107,100,10,10,10,16,0.1
native_thinking,5,4,0.30000000000000004,0.255,0.2775,200,5,16,16,0.27,0.29000000000000004,0.19787313288584096,-7.036131700762814,2.628065347671509,13.2815673828125,100,10,10,10,16,0.1
native_thinking,6,5,0.25,0.19,0.22,200,5,16,16,0.32,0.30000000000000004,0.18944846248264677,-7.225089150024053,2.4626173973083496,12.998877716064452,100,10,10,10,16,0.1
native_thinking,7,6,0.25000000000000006,0.205,0.22750000000000004,200,5,16,16,0.31,0.31,0.19237976721860212,-7.15840605101567,2.407125473022461,12.512362957000732,100,10,10,10,16,0.1
native_thinking,8,7,0.32,0.265,0.2925,200,5,16,16,0.33999999999999997,0.29,0.21239160310749455,-6.728626570640424,2.500662088394165,11.773827457427979,100,10,10,10,16,0.1
native_thinking,9,8,0.41500000000000004,0.325,0.37,200,5,16,16,0.48999999999999994,0.38,0.26428228526694725,-5.779319464734751,3.045234203338623,11.522657299041748,100,10,10,10,16,0.1
native_thinking,10,9,0.395,0.305,0.35,200,5,16,16,0.5,0.41,0.28215423622321084,-5.49513424909965,3.2430386543273926,11.493850660324096,100,10,10,10,16,0.1
native_thinking,11,10,0.38499999999999995,0.31500000000000006,0.35,200,5,16,16,0.43,0.36,0.2697444257900115,-5.690475211534927,3.2632052898406982,12.097396564483642,100,10,10,10,16,0.1
native_thinking,12,11,0.45999999999999996,0.4,0.43,200,5,16,16,0.54,0.47000000000000003,0.3379873424804527,-4.71099563609401,3.862375259399414,11.427573680877686,100,10,10,10,16,0.1
native_thinking,13,12,0.43499999999999994,0.365,0.39999999999999997,200,5,16,16,0.53,0.51,0.3276906323379602,-4.845359735766785,3.724433422088623,11.365700006484985,100,10,10,10,16,0.1
native_thinking,14,13,0.51,0.485,0.4975,200,5,16,16,0.6,0.55,0.36997176574403007,-4.318314176882502,3.6840827465057373,9.957740259170532,100,10,10,10,16,0.1
native_thinking,15,14,0.5449999999999999,0.48,0.5125,200,5,16,16,0.61,0.53,0.3745273986323359,-4.265164058961973,3.7011559009552,9.882203316688537,100,10,10,10,16,0.1
native_thinking,16,15,0.635,0.55,0.5925,200,5,16,16,0.68,0.53,0.4188957913648696,-3.7789400296223556,3.946030855178833,9.420077586174012,100,10,10,10,16,0.1
native_thinking,17,16,0.6299999999999999,0.59,0.6099999999999999,200,5,16,16,0.72,0.6500000000000001,0.4479731102935144,-3.487480538626345,4.025429725646973,8.985873556137085,100,10,10,10,16,0.1
native_thinking,18,17,0.655,0.62,0.6375,200,5,16,16,0.75,0.65,0.45814849436911004,-3.389937363351614,4.099430084228516,8.9478196144104,100,10,10,10,16,0.1
native_thinking,19,18,0.735,0.665,0.7,200,5,16,16,0.75,0.6500000000000001,0.47593814767685216,-3.224494839770788,4.227065086364746,8.881542921066284,100,10,10,10,16,0.1
native_thinking,20,19,0.6950000000000001,0.635,0.665,200,5,16,16,0.72,0.6599999999999999,0.49683953372556816,-3.03783854466416,4.4779815673828125,9.012933278083802,100,10,10,10,16,0.1
native_thinking,21,20,0.66,0.595,0.6275,200,5,16,16,0.72,0.61,0.5057264479817993,-2.960843334700847,4.376976013183594,8.654829168319703,100,10,10,10,16,0.1
native_thinking,22,21,0.635,0.6,0.6174999999999999,200,5,16,16,0.72,0.65,0.5260112039035028,-2.790050053868568,4.415814399719238,8.394905596971512,100,10,10,10,16,0.1
native_thinking,23,22,0.725,0.63,0.6775,200,5,16,16,0.7,0.6599999999999999,0.5482172624801888,-2.610472933462204,4.499459743499756,8.207439005374908,100,10,10,10,16,0.1
native_thinking,24,23,0.6950000000000001,0.6250000000000001,0.6600000000000001,200,5,16,16,0.74,0.72,0.5591571538055167,-2.524661144060503,4.492156505584717,8.033799576759339,100,10,10,10,16,0.1
native_thinking,25,24,0.6950000000000001,0.635,0.665,200,5,16,16,0.73,0.67,0.5763651393423197,-2.3930229477184364,4.253320217132568,7.379558420181274,100,10,10,10,16,0.1
native_thinking,26,25,0.705,0.6000000000000001,0.6525000000000001,200,5,16,16,0.7100000000000001,0.62,0.5420392959123822,-2.6596922752197827,4.152095794677734,7.660137975215912,100,10,10,10,16,0.1
native_thinking,27,26,0.6950000000000001,0.6100000000000001,0.6525000000000001,200,5,16,16,0.66,0.6300000000000001,0.5597783123130847,-2.5198393156690706,4.0931830406188965,7.31215009689331,100,10,10,10,16,0.1
native_thinking,28,27,0.675,0.635,0.655,200,5,16,16,0.65,0.62,0.5273045301181545,-2.779384975916048,4.223442077636719,8.009493255615235,100,10,10,10,16,0.1
native_thinking,29,28,0.685,0.615,0.65,200,5,16,16,0.67,0.59,0.5283008476351622,-2.7711869250636316,4.1504292488098145,7.856185102462769,100,10,10,10,16,0.1
native_thinking,30,29,0.9949999999999999,0.985,0.99,200,5,16,16,0.96,0.97,1.1375136877371474,0.5595663123943353,6.2860870361328125,5.526163864135742,100,10,10,10,16,0.1
native_thinking,31,30,0.99,0.99,0.99,200,5,16,16,0.97,0.9800000000000001,1.2193201982060753,0.8611776800847776,6.355733394622803,5.212522029876709,100,10,10,10,16,0.1
native_thinking,32,31,0.985,0.99,0.9875,200,5,16,16,0.97,0.9800000000000001,1.2273499269528898,0.8896840109582859,6.4588823318481445,5.262461984157563,100,10,10,10,16,0.1
native_thinking,33,32,0.9800000000000001,0.985,0.9825,200,5,16,16,0.9800000000000001,0.97,1.2379555345070836,0.927050457624371,6.248538017272949,5.0474656343460085,100,10,10,10,16,0.1
native_thinking,34,33,0.975,0.985,0.98,200,5,16,16,0.96,0.9400000000000001,1.2340929398049572,0.9134786773978494,6.167912483215332,4.997931909561157,100,10,10,10,16,0.1
native_thinking,35,34,0.985,0.99,0.9875,200,5,16,16,0.97,0.97,1.3691153816591124,1.3644004967257428,6.51757287979126,4.760426306724549,100,10,10,10,16,0.1
native_thinking,36,35,0.9400000000000001,0.9199999999999999,0.9299999999999999,200,5,16,16,0.8700000000000001,0.8699999999999999,0.8771971678583559,-0.5690277916673723,5.2844343185424805,6.024226379394531,100,10,10,10,16,0.1
